,model_name,rmse,created_at,params,train_size,features,git_commit
0,LGBM optuna 3,0.7627530718140677,2020-06-23 01:50:00,"{'feature_fraction': 0.6512526704353567, 'bagging_fraction': 0.47735995292737504, 'n_estimators': 3500, 'learning_rate': 0.16189215145369146, 'objective': 'poisson', 'early_stopping_rounds': 100, 'lambda_l1': 0, 'min_child_samples': 21, 'train_size': 9000000}",9000000,"wday, store_id, dept_id, state_id, snap_status, days_since_snap, avg_last_1, avg_last_3, avg_last_7, avg_last_21, max_last_21, min_last_21, std_last_21, max_last_42, min_last_42, avg_last_42, relative_median, wa_adjusted_quantity_last_7, sinf_relative_median, sinf_adjusted_quantity_last_7, price_change_w1, price_change_w3, cum_mse",b1f73f2
1,LGBM optuna 7,0.7439860205148966,2020-06-23 04:35:00,"{'feature_fraction': 0.6821061735133316, 'bagging_fraction': 0.5066537623239828, 'n_estimators': 3000, 'learning_rate': 0.2920798055090827, 'objective': 'poisson', 'early_stopping_rounds': 100, 'lambda_l1': 1}",9000000,"wday, store_id, dept_id, state_id, snap_status, days_since_snap, avg_last_1, avg_last_3, avg_last_7, avg_last_21, max_last_21, min_last_21, std_last_21, max_last_42, min_last_42, avg_last_42, relative_median, wa_adjusted_quantity_last_7, sinf_relative_median, sinf_adjusted_quantity_last_7, price_change_w1, price_change_w3, cum_mse",b1f73f2
2,LGBM optuna 7,0.7349235072545525,2020-06-23 04:46:00,"{'feature_fraction': 0.41728873959496815, 'bagging_fraction': 0.6900232677195605, 'n_estimators': 1000, 'learning_rate': 0.14023274662047266, 'objective': 'tweedie', 'early_stopping_rounds': 100, 'lambda_l1': 0}",9000000,"wday, store_id, dept_id, state_id, snap_status, days_since_snap, avg_last_1, avg_last_3, avg_last_7, avg_last_21, max_last_21, min_last_21, std_last_21, max_last_42, min_last_42, avg_last_42, relative_median, wa_adjusted_quantity_last_7, sinf_relative_median, sinf_adjusted_quantity_last_7, price_change_w1, price_change_w3, cum_mse",b1f73f2
3,LGBM optuna 7,0.7348275336630654,2020-06-23 07:49:00,"{'feature_fraction': 0.42728203822923294, 'bagging_fraction': 0.5979836485078854, 'n_estimators': 9000, 'learning_rate': 0.1473448615989589, 'objective': 'tweedie', 'early_stopping_rounds': 100, 'lambda_l1': 0}",9000000,"wday, store_id, dept_id, state_id, snap_status, days_since_snap, avg_last_1, avg_last_3, avg_last_7, avg_last_21, max_last_21, min_last_21, std_last_21, max_last_42, min_last_42, avg_last_42, relative_median, wa_adjusted_quantity_last_7, sinf_relative_median, sinf_adjusted_quantity_last_7, price_change_w1, price_change_w3, cum_mse",b1f73f2
4,LGBM optuna 7,0.7339303639197953,2020-06-23 06:59:00,"{'feature_fraction': 0.43693196904014475, 'bagging_fraction': 0.518564590874722, 'n_estimators': 1000, 'learning_rate': 0.15572275067492272, 'objective': 'poisson', 'early_stopping_rounds': 100, 'lambda_l1': 0}",9000000,"wday, store_id, dept_id, state_id, snap_status, days_since_snap, avg_last_1, avg_last_3, avg_last_7, avg_last_21, max_last_21, min_last_21, std_last_21, max_last_42, min_last_42, avg_last_42, relative_median, wa_adjusted_quantity_last_7, sinf_relative_median, sinf_adjusted_quantity_last_7, price_change_w1, price_change_w3, cum_mse",b1f73f2
5,LGBM optuna 7,0.7329796945043551,2020-06-23 05:04:00,"{'feature_fraction': 0.3856247796873732, 'bagging_fraction': 0.5429634134250412, 'n_estimators': 1000, 'learning_rate': 0.20603654793640558, 'objective': 'tweedie', 'early_stopping_rounds': 100, 'lambda_l1': 0}",9000000,"wday, store_id, dept_id, state_id, snap_status, days_since_snap, avg_last_1, avg_last_3, avg_last_7, avg_last_21, max_last_21, min_last_21, std_last_21, max_last_42, min_last_42, avg_last_42, relative_median, wa_adjusted_quantity_last_7, sinf_relative_median, sinf_adjusted_quantity_last_7, price_change_w1, price_change_w3, cum_mse",b1f73f2
6,LGBM optuna 7,0.7328942102503545,2020-06-23 08:05:00,"{'feature_fraction': 0.44336178263714987, 'bagging_fraction': 0.5648709687108134, 'n_estimators': 9000, 'learning_rate': 0.086919732213186, 'objective': 'tweedie', 'early_stopping_rounds': 100, 'lambda_l1': 0}",9000000,"wday, store_id, dept_id, state_id, snap_status, days_since_snap, avg_last_1, avg_last_3, avg_last_7, avg_last_21, max_last_21, min_last_21, std_last_21, max_last_42, min_last_42, avg_last_42, relative_median, wa_adjusted_quantity_last_7, sinf_relative_median, sinf_adjusted_quantity_last_7, price_change_w1, price_change_w3, cum_mse",b1f73f2
7,LGBM optuna 3,0.7326460694714834,2020-06-23 02:40:00,"{'feature_fraction': 0.6943280394298569, 'bagging_fraction': 0.6205930785820242, 'n_estimators': 3500, 'learning_rate': 0.0821353597420235, 'objective': 'tweedie', 'early_stopping_rounds': 100, 'lambda_l1': 1, 'min_child_samples': 51, 'train_size': 9000000}",9000000,"wday, store_id, dept_id, state_id, snap_status, days_since_snap, avg_last_1, avg_last_3, avg_last_7, avg_last_21, max_last_21, min_last_21, std_last_21, max_last_42, min_last_42, avg_last_42, relative_median, wa_adjusted_quantity_last_7, sinf_relative_median, sinf_adjusted_quantity_last_7, price_change_w1, price_change_w3, cum_mse",b1f73f2
8,LGBM optuna 7,0.7323967054976166,2020-06-23 05:49:00,"{'feature_fraction': 0.35358400511036503, 'bagging_fraction': 0.6022610871965136, 'n_estimators': 9000, 'learning_rate': 0.12822010924912455, 'objective': 'tweedie', 'early_stopping_rounds': 100, 'lambda_l1': 0}",9000000,"wday, store_id, dept_id, state_id, snap_status, days_since_snap, avg_last_1, avg_last_3, avg_last_7, avg_last_21, max_last_21, min_last_21, std_last_21, max_last_42, min_last_42, avg_last_42, relative_median, wa_adjusted_quantity_last_7, sinf_relative_median, sinf_adjusted_quantity_last_7, price_change_w1, price_change_w3, cum_mse",b1f73f2
9,LGBM optuna 3,0.7321232278103549,2020-06-23 01:46:00,"{'feature_fraction': 0.6125587683809605, 'bagging_fraction': 0.44327239679464875, 'n_estimators': 3500, 'learning_rate': 0.20721672997631027, 'objective': 'tweedie', 'early_stopping_rounds': 100, 'lambda_l1': 0, 'min_child_samples': 26, 'train_size': 9000000}",9000000,"wday, store_id, dept_id, state_id, snap_status, days_since_snap, avg_last_1, avg_last_3, avg_last_7, avg_last_21, max_last_21, min_last_21, std_last_21, max_last_42, min_last_42, avg_last_42, relative_median, wa_adjusted_quantity_last_7, sinf_relative_median, sinf_adjusted_quantity_last_7, price_change_w1, price_change_w3, cum_mse",b1f73f2
10,LGBM optuna 7,0.7321162966344598,2020-06-23 05:21:00,"{'feature_fraction': 0.43250305019125174, 'bagging_fraction': 0.5879043221161957, 'n_estimators': 9000, 'learning_rate': 0.16713900153826294, 'objective': 'tweedie', 'early_stopping_rounds': 100, 'lambda_l1': 1}",9000000,"wday, store_id, dept_id, state_id, snap_status, days_since_snap, avg_last_1, avg_last_3, avg_last_7, avg_last_21, max_last_21, min_last_21, std_last_21, max_last_42, min_last_42, avg_last_42, relative_median, wa_adjusted_quantity_last_7, sinf_relative_median, sinf_adjusted_quantity_last_7, price_change_w1, price_change_w3, cum_mse",b1f73f2
11,LGBM optuna 7,0.732101590970711,2020-06-23 05:01:00,"{'feature_fraction': 0.6040585672676538, 'bagging_fraction': 0.6232667332979364, 'n_estimators': 1000, 'learning_rate': 0.02300648020907798, 'objective': 'tweedie', 'early_stopping_rounds': 100, 'lambda_l1': 0}",9000000,"wday, store_id, dept_id, state_id, snap_status, days_since_snap, avg_last_1, avg_last_3, avg_last_7, avg_last_21, max_last_21, min_last_21, std_last_21, max_last_42, min_last_42, avg_last_42, relative_median, wa_adjusted_quantity_last_7, sinf_relative_median, sinf_adjusted_quantity_last_7, price_change_w1, price_change_w3, cum_mse",b1f73f2
12,LGBM optuna 7,0.7319447990145446,2020-06-23 07:39:00,"{'feature_fraction': 0.4013955059856316, 'bagging_fraction': 0.5563650529125224, 'n_estimators': 1000, 'learning_rate': 0.16165755545185664, 'objective': 'poisson', 'early_stopping_rounds': 100, 'lambda_l1': 1}",9000000,"wday, store_id, dept_id, state_id, snap_status, days_since_snap, avg_last_1, avg_last_3, avg_last_7, avg_last_21, max_last_21, min_last_21, std_last_21, max_last_42, min_last_42, avg_last_42, relative_median, wa_adjusted_quantity_last_7, sinf_relative_median, sinf_adjusted_quantity_last_7, price_change_w1, price_change_w3, cum_mse",b1f73f2
13,LGBM optuna 7,0.7318994039597049,2020-06-23 04:55:00,"{'feature_fraction': 0.48120914472103693, 'bagging_fraction': 0.683683298657483, 'n_estimators': 1000, 'learning_rate': 0.11172573380275659, 'objective': 'tweedie', 'early_stopping_rounds': 100, 'lambda_l1': 0}",9000000,"wday, store_id, dept_id, state_id, snap_status, days_since_snap, avg_last_1, avg_last_3, avg_last_7, avg_last_21, max_last_21, min_last_21, std_last_21, max_last_42, min_last_42, avg_last_42, relative_median, wa_adjusted_quantity_last_7, sinf_relative_median, sinf_adjusted_quantity_last_7, price_change_w1, price_change_w3, cum_mse",b1f73f2
14,LGBM optuna 7,0.7318635924534564,2020-06-23 05:52:00,"{'feature_fraction': 0.38852429636438535, 'bagging_fraction': 0.5726971635074526, 'n_estimators': 9000, 'learning_rate': 0.1661003971878934, 'objective': 'tweedie', 'early_stopping_rounds': 100, 'lambda_l1': 0}",9000000,"wday, store_id, dept_id, state_id, snap_status, days_since_snap, avg_last_1, avg_last_3, avg_last_7, avg_last_21, max_last_21, min_last_21, std_last_21, max_last_42, min_last_42, avg_last_42, relative_median, wa_adjusted_quantity_last_7, sinf_relative_median, sinf_adjusted_quantity_last_7, price_change_w1, price_change_w3, cum_mse",b1f73f2
15,LGBM optuna 3,0.7317996755792744,2020-06-23 03:28:00,"{'feature_fraction': 0.6308580322447646, 'bagging_fraction': 0.5912752240345228, 'n_estimators': 3500, 'learning_rate': 0.11512803358761335, 'objective': 'tweedie', 'early_stopping_rounds': 100, 'lambda_l1': 1, 'min_child_samples': 5, 'train_size': 9000000}",9000000,"wday, store_id, dept_id, state_id, snap_status, days_since_snap, avg_last_1, avg_last_3, avg_last_7, avg_last_21, max_last_21, min_last_21, std_last_21, max_last_42, min_last_42, avg_last_42, relative_median, wa_adjusted_quantity_last_7, sinf_relative_median, sinf_adjusted_quantity_last_7, price_change_w1, price_change_w3, cum_mse",b1f73f2
16,LGBM optuna 7,0.7317718699437157,2020-06-23 08:54:00,"{'feature_fraction': 0.3372773101875905, 'bagging_fraction': 0.4735529839370879, 'n_estimators': 9000, 'learning_rate': 0.16316989359356943, 'objective': 'tweedie', 'early_stopping_rounds': 100, 'lambda_l1': 1}",9000000,"wday, store_id, dept_id, state_id, snap_status, days_since_snap, avg_last_1, avg_last_3, avg_last_7, avg_last_21, max_last_21, min_last_21, std_last_21, max_last_42, min_last_42, avg_last_42, relative_median, wa_adjusted_quantity_last_7, sinf_relative_median, sinf_adjusted_quantity_last_7, price_change_w1, price_change_w3, cum_mse",b1f73f2
17,LGBM optuna 3,0.73154080684196,2020-06-23 02:15:00,"{'feature_fraction': 0.5774793430392922, 'bagging_fraction': 0.5354081412960423, 'n_estimators': 3500, 'learning_rate': 0.2564474147804914, 'objective': 'tweedie', 'early_stopping_rounds': 100, 'lambda_l1': 0, 'min_child_samples': 25, 'train_size': 9000000}",9000000,"wday, store_id, dept_id, state_id, snap_status, days_since_snap, avg_last_1, avg_last_3, avg_last_7, avg_last_21, max_last_21, min_last_21, std_last_21, max_last_42, min_last_42, avg_last_42, relative_median, wa_adjusted_quantity_last_7, sinf_relative_median, sinf_adjusted_quantity_last_7, price_change_w1, price_change_w3, cum_mse",b1f73f2
18,LGBM optuna 7,0.7314418922766138,2020-06-23 06:13:00,"{'feature_fraction': 0.32361661801593167, 'bagging_fraction': 0.5703088440017852, 'n_estimators': 9000, 'learning_rate': 0.05126334692595523, 'objective': 'tweedie', 'early_stopping_rounds': 100, 'lambda_l1': 0}",9000000,"wday, store_id, dept_id, state_id, snap_status, days_since_snap, avg_last_1, avg_last_3, avg_last_7, avg_last_21, max_last_21, min_last_21, std_last_21, max_last_42, min_last_42, avg_last_42, relative_median, wa_adjusted_quantity_last_7, sinf_relative_median, sinf_adjusted_quantity_last_7, price_change_w1, price_change_w3, cum_mse",b1f73f2
19,LGBM optuna 7,0.7314185196244083,2020-06-23 07:25:00,"{'feature_fraction': 0.6315434955250674, 'bagging_fraction': 0.5607546121313474, 'n_estimators': 1000, 'learning_rate': 0.1971894987536092, 'objective': 'tweedie', 'early_stopping_rounds': 100, 'lambda_l1': 0}",9000000,"wday, store_id, dept_id, state_id, snap_status, days_since_snap, avg_last_1, avg_last_3, avg_last_7, avg_last_21, max_last_21, min_last_21, std_last_21, max_last_42, min_last_42, avg_last_42, relative_median, wa_adjusted_quantity_last_7, sinf_relative_median, sinf_adjusted_quantity_last_7, price_change_w1, price_change_w3, cum_mse",b1f73f2
20,LGBM optuna 7,0.7313642700331915,2020-06-23 05:42:00,"{'feature_fraction': 0.4708287067952209, 'bagging_fraction': 0.6232311977173131, 'n_estimators': 9000, 'learning_rate': 0.09551032238690252, 'objective': 'tweedie', 'early_stopping_rounds': 100, 'lambda_l1': 0}",9000000,"wday, store_id, dept_id, state_id, snap_status, days_since_snap, avg_last_1, avg_last_3, avg_last_7, avg_last_21, max_last_21, min_last_21, std_last_21, max_last_42, min_last_42, avg_last_42, relative_median, wa_adjusted_quantity_last_7, sinf_relative_median, sinf_adjusted_quantity_last_7, price_change_w1, price_change_w3, cum_mse",b1f73f2
21,LGBM optuna 7,0.7313617428843614,2020-06-23 06:30:00,"{'feature_fraction': 0.46521853522359835, 'bagging_fraction': 0.44027749783437675, 'n_estimators': 1000, 'learning_rate': 0.14831250522561626, 'objective': 'poisson', 'early_stopping_rounds': 100, 'lambda_l1': 0}",9000000,"wday, store_id, dept_id, state_id, snap_status, days_since_snap, avg_last_1, avg_last_3, avg_last_7, avg_last_21, max_last_21, min_last_21, std_last_21, max_last_42, min_last_42, avg_last_42, relative_median, wa_adjusted_quantity_last_7, sinf_relative_median, sinf_adjusted_quantity_last_7, price_change_w1, price_change_w3, cum_mse",b1f73f2
22,LGBM optuna 7,0.7312559381353088,2020-06-23 07:35:00,"{'feature_fraction': 0.4844544415880596, 'bagging_fraction': 0.579630286063003, 'n_estimators': 1000, 'learning_rate': 0.17485141729542622, 'objective': 'tweedie', 'early_stopping_rounds': 100, 'lambda_l1': 0}",9000000,"wday, store_id, dept_id, state_id, snap_status, days_since_snap, avg_last_1, avg_last_3, avg_last_7, avg_last_21, max_last_21, min_last_21, std_last_21, max_last_42, min_last_42, avg_last_42, relative_median, wa_adjusted_quantity_last_7, sinf_relative_median, sinf_adjusted_quantity_last_7, price_change_w1, price_change_w3, cum_mse",b1f73f2
23,LGBM optuna 7,0.7310838012804295,2020-06-23 06:26:00,"{'feature_fraction': 0.5755265524904432, 'bagging_fraction': 0.4544645564887844, 'n_estimators': 1000, 'learning_rate': 0.08365524182251624, 'objective': 'poisson', 'early_stopping_rounds': 100, 'lambda_l1': 0}",9000000,"wday, store_id, dept_id, state_id, snap_status, days_since_snap, avg_last_1, avg_last_3, avg_last_7, avg_last_21, max_last_21, min_last_21, std_last_21, max_last_42, min_last_42, avg_last_42, relative_median, wa_adjusted_quantity_last_7, sinf_relative_median, sinf_adjusted_quantity_last_7, price_change_w1, price_change_w3, cum_mse",b1f73f2
24,LGBM optuna 7,0.7310388260248362,2020-06-23 06:00:00,"{'feature_fraction': 0.5153436419412234, 'bagging_fraction': 0.5476161428464327, 'n_estimators': 9000, 'learning_rate': 0.1844998095936703, 'objective': 'tweedie', 'early_stopping_rounds': 100, 'lambda_l1': 0}",9000000,"wday, store_id, dept_id, state_id, snap_status, days_since_snap, avg_last_1, avg_last_3, avg_last_7, avg_last_21, max_last_21, min_last_21, std_last_21, max_last_42, min_last_42, avg_last_42, relative_median, wa_adjusted_quantity_last_7, sinf_relative_median, sinf_adjusted_quantity_last_7, price_change_w1, price_change_w3, cum_mse",b1f73f2
25,LGBM optuna 7,0.730834722114469,2020-06-23 05:30:00,"{'feature_fraction': 0.5696287681816554, 'bagging_fraction': 0.6040993896793547, 'n_estimators': 9000, 'learning_rate': 0.13369005472020912, 'objective': 'tweedie', 'early_stopping_rounds': 100, 'lambda_l1': 0}",9000000,"wday, store_id, dept_id, state_id, snap_status, days_since_snap, avg_last_1, avg_last_3, avg_last_7, avg_last_21, max_last_21, min_last_21, std_last_21, max_last_42, min_last_42, avg_last_42, relative_median, wa_adjusted_quantity_last_7, sinf_relative_median, sinf_adjusted_quantity_last_7, price_change_w1, price_change_w3, cum_mse",b1f73f2
26,LGBM optuna 3,0.7307966062856068,2020-06-23 02:13:00,"{'feature_fraction': 0.5198309163306291, 'bagging_fraction': 0.5583725415137997, 'n_estimators': 3500, 'learning_rate': 0.21310617818493038, 'objective': 'poisson', 'early_stopping_rounds': 100, 'lambda_l1': 0, 'min_child_samples': 76, 'train_size': 9000000}",9000000,"wday, store_id, dept_id, state_id, snap_status, days_since_snap, avg_last_1, avg_last_3, avg_last_7, avg_last_21, max_last_21, min_last_21, std_last_21, max_last_42, min_last_42, avg_last_42, relative_median, wa_adjusted_quantity_last_7, sinf_relative_median, sinf_adjusted_quantity_last_7, price_change_w1, price_change_w3, cum_mse",b1f73f2
27,LGBM optuna 7,0.7306705093233689,2020-06-23 06:42:00,"{'feature_fraction': 0.4972128011207623, 'bagging_fraction': 0.41837096891372616, 'n_estimators': 1000, 'learning_rate': 0.140794559934304, 'objective': 'poisson', 'early_stopping_rounds': 100, 'lambda_l1': 0}",9000000,"wday, store_id, dept_id, state_id, snap_status, days_since_snap, avg_last_1, avg_last_3, avg_last_7, avg_last_21, max_last_21, min_last_21, std_last_21, max_last_42, min_last_42, avg_last_42, relative_median, wa_adjusted_quantity_last_7, sinf_relative_median, sinf_adjusted_quantity_last_7, price_change_w1, price_change_w3, cum_mse",b1f73f2
28,LGBM optuna 7,0.7306519736196697,2020-06-23 07:28:00,"{'feature_fraction': 0.33461567722268787, 'bagging_fraction': 0.5941990618001006, 'n_estimators': 1000, 'learning_rate': 0.10762979028781813, 'objective': 'tweedie', 'early_stopping_rounds': 100, 'lambda_l1': 1}",9000000,"wday, store_id, dept_id, state_id, snap_status, days_since_snap, avg_last_1, avg_last_3, avg_last_7, avg_last_21, max_last_21, min_last_21, std_last_21, max_last_42, min_last_42, avg_last_42, relative_median, wa_adjusted_quantity_last_7, sinf_relative_median, sinf_adjusted_quantity_last_7, price_change_w1, price_change_w3, cum_mse",b1f73f2
29,LGBM optuna 7,0.7306139288636948,2020-06-23 09:03:00,"{'feature_fraction': 0.3277808879844169, 'bagging_fraction': 0.4643219217846748, 'n_estimators': 9000, 'learning_rate': 0.15137586906227124, 'objective': 'tweedie', 'early_stopping_rounds': 100, 'lambda_l1': 1}",9000000,"wday, store_id, dept_id, state_id, snap_status, days_since_snap, avg_last_1, avg_last_3, avg_last_7, avg_last_21, max_last_21, min_last_21, std_last_21, max_last_42, min_last_42, avg_last_42, relative_median, wa_adjusted_quantity_last_7, sinf_relative_median, sinf_adjusted_quantity_last_7, price_change_w1, price_change_w3, cum_mse",b1f73f2
30,LGBM optuna 7,0.7306013430300522,2020-06-23 08:29:00,"{'feature_fraction': 0.30067776630789156, 'bagging_fraction': 0.5508054409608791, 'n_estimators': 9000, 'learning_rate': 0.10263517752786763, 'objective': 'tweedie', 'early_stopping_rounds': 100, 'lambda_l1': 1}",9000000,"wday, store_id, dept_id, state_id, snap_status, days_since_snap, avg_last_1, avg_last_3, avg_last_7, avg_last_21, max_last_21, min_last_21, std_last_21, max_last_42, min_last_42, avg_last_42, relative_median, wa_adjusted_quantity_last_7, sinf_relative_median, sinf_adjusted_quantity_last_7, price_change_w1, price_change_w3, cum_mse",b1f73f2
31,LGBM optuna 3,0.730469449796927,2020-06-23 02:19:00,"{'feature_fraction': 0.5063921218083106, 'bagging_fraction': 0.40996150378928176, 'n_estimators': 3500, 'learning_rate': 0.24094524726832459, 'objective': 'poisson', 'early_stopping_rounds': 100, 'lambda_l1': 0, 'min_child_samples': 27, 'train_size': 9000000}",9000000,"wday, store_id, dept_id, state_id, snap_status, days_since_snap, avg_last_1, avg_last_3, avg_last_7, avg_last_21, max_last_21, min_last_21, std_last_21, max_last_42, min_last_42, avg_last_42, relative_median, wa_adjusted_quantity_last_7, sinf_relative_median, sinf_adjusted_quantity_last_7, price_change_w1, price_change_w3, cum_mse",b1f73f2
32,LGBM optuna 7,0.7303328045806895,2020-06-23 07:56:00,"{'feature_fraction': 0.34350825482103853, 'bagging_fraction': 0.5234786571898369, 'n_estimators': 9000, 'learning_rate': 0.13657330370455714, 'objective': 'tweedie', 'early_stopping_rounds': 100, 'lambda_l1': 0}",9000000,"wday, store_id, dept_id, state_id, snap_status, days_since_snap, avg_last_1, avg_last_3, avg_last_7, avg_last_21, max_last_21, min_last_21, std_last_21, max_last_42, min_last_42, avg_last_42, relative_median, wa_adjusted_quantity_last_7, sinf_relative_median, sinf_adjusted_quantity_last_7, price_change_w1, price_change_w3, cum_mse",b1f73f2
33,LGBM optuna 7,0.7302274649377442,2020-06-23 07:18:00,"{'feature_fraction': 0.45929286499902194, 'bagging_fraction': 0.46744012701722576, 'n_estimators': 1000, 'learning_rate': 0.15618476554577362, 'objective': 'tweedie', 'early_stopping_rounds': 100, 'lambda_l1': 0}",9000000,"wday, store_id, dept_id, state_id, snap_status, days_since_snap, avg_last_1, avg_last_3, avg_last_7, avg_last_21, max_last_21, min_last_21, std_last_21, max_last_42, min_last_42, avg_last_42, relative_median, wa_adjusted_quantity_last_7, sinf_relative_median, sinf_adjusted_quantity_last_7, price_change_w1, price_change_w3, cum_mse",b1f73f2
34,LGBM optuna 7,0.7301653171953192,2020-06-23 07:53:00,"{'feature_fraction': 0.5278999533357255, 'bagging_fraction': 0.6108997763742985, 'n_estimators': 9000, 'learning_rate': 0.09987855445511343, 'objective': 'tweedie', 'early_stopping_rounds': 100, 'lambda_l1': 0}",9000000,"wday, store_id, dept_id, state_id, snap_status, days_since_snap, avg_last_1, avg_last_3, avg_last_7, avg_last_21, max_last_21, min_last_21, std_last_21, max_last_42, min_last_42, avg_last_42, relative_median, wa_adjusted_quantity_last_7, sinf_relative_median, sinf_adjusted_quantity_last_7, price_change_w1, price_change_w3, cum_mse",b1f73f2
35,LGBM optuna 7,0.7301558755481041,2020-06-23 07:09:00,"{'feature_fraction': 0.5060044226710092, 'bagging_fraction': 0.4824757921794685, 'n_estimators': 1000, 'learning_rate': 0.13881346721226057, 'objective': 'tweedie', 'early_stopping_rounds': 100, 'lambda_l1': 0}",9000000,"wday, store_id, dept_id, state_id, snap_status, days_since_snap, avg_last_1, avg_last_3, avg_last_7, avg_last_21, max_last_21, min_last_21, std_last_21, max_last_42, min_last_42, avg_last_42, relative_median, wa_adjusted_quantity_last_7, sinf_relative_median, sinf_adjusted_quantity_last_7, price_change_w1, price_change_w3, cum_mse",b1f73f2
36,LGBM optuna 7,0.7300859614022621,2020-06-23 06:38:00,"{'feature_fraction': 0.43303937398752823, 'bagging_fraction': 0.4608936504403539, 'n_estimators': 1000, 'learning_rate': 0.10762935811364166, 'objective': 'poisson', 'early_stopping_rounds': 100, 'lambda_l1': 0}",9000000,"wday, store_id, dept_id, state_id, snap_status, days_since_snap, avg_last_1, avg_last_3, avg_last_7, avg_last_21, max_last_21, min_last_21, std_last_21, max_last_42, min_last_42, avg_last_42, relative_median, wa_adjusted_quantity_last_7, sinf_relative_median, sinf_adjusted_quantity_last_7, price_change_w1, price_change_w3, cum_mse",b1f73f2
37,LGBM optuna 3,0.7299640727296229,2020-06-23 03:25:00,"{'feature_fraction': 0.6774475913273057, 'bagging_fraction': 0.6583607705785322, 'n_estimators': 3500, 'learning_rate': 0.29171797102920877, 'objective': 'tweedie', 'early_stopping_rounds': 100, 'lambda_l1': 1, 'min_child_samples': 79, 'train_size': 9000000}",9000000,"wday, store_id, dept_id, state_id, snap_status, days_since_snap, avg_last_1, avg_last_3, avg_last_7, avg_last_21, max_last_21, min_last_21, std_last_21, max_last_42, min_last_42, avg_last_42, relative_median, wa_adjusted_quantity_last_7, sinf_relative_median, sinf_adjusted_quantity_last_7, price_change_w1, price_change_w3, cum_mse",b1f73f2
38,LGBM optuna 3,0.7299151892179897,2020-06-23 03:12:00,"{'feature_fraction': 0.6920629626518915, 'bagging_fraction': 0.5795503026963043, 'n_estimators': 3500, 'learning_rate': 0.010989370230458595, 'objective': 'tweedie', 'early_stopping_rounds': 100, 'lambda_l1': 1, 'min_child_samples': 99, 'train_size': 9000000}",9000000,"wday, store_id, dept_id, state_id, snap_status, days_since_snap, avg_last_1, avg_last_3, avg_last_7, avg_last_21, max_last_21, min_last_21, std_last_21, max_last_42, min_last_42, avg_last_42, relative_median, wa_adjusted_quantity_last_7, sinf_relative_median, sinf_adjusted_quantity_last_7, price_change_w1, price_change_w3, cum_mse",b1f73f2
39,LGBM optuna 7,0.7297271921219073,2020-06-23 04:26:00,"{'feature_fraction': 0.3460752937362093, 'bagging_fraction': 0.6485702814424148, 'n_estimators': 9000, 'learning_rate': 0.04030079625207675, 'objective': 'poisson', 'early_stopping_rounds': 100, 'lambda_l1': 0}",9000000,"wday, store_id, dept_id, state_id, snap_status, days_since_snap, avg_last_1, avg_last_3, avg_last_7, avg_last_21, max_last_21, min_last_21, std_last_21, max_last_42, min_last_42, avg_last_42, relative_median, wa_adjusted_quantity_last_7, sinf_relative_median, sinf_adjusted_quantity_last_7, price_change_w1, price_change_w3, cum_mse",b1f73f2
40,LGBM optuna 7,0.7297265949262597,2020-06-23 05:27:00,"{'feature_fraction': 0.4884291216674863, 'bagging_fraction': 0.6609816056044737, 'n_estimators': 9000, 'learning_rate': 0.10764695948156511, 'objective': 'tweedie', 'early_stopping_rounds': 100, 'lambda_l1': 1}",9000000,"wday, store_id, dept_id, state_id, snap_status, days_since_snap, avg_last_1, avg_last_3, avg_last_7, avg_last_21, max_last_21, min_last_21, std_last_21, max_last_42, min_last_42, avg_last_42, relative_median, wa_adjusted_quantity_last_7, sinf_relative_median, sinf_adjusted_quantity_last_7, price_change_w1, price_change_w3, cum_mse",b1f73f2
41,LGBM optuna 7,0.7296115503138565,2020-06-23 05:36:00,"{'feature_fraction': 0.4138249640545942, 'bagging_fraction': 0.5605718913817602, 'n_estimators': 3000, 'learning_rate': 0.18099095507101404, 'objective': 'tweedie', 'early_stopping_rounds': 100, 'lambda_l1': 1}",9000000,"wday, store_id, dept_id, state_id, snap_status, days_since_snap, avg_last_1, avg_last_3, avg_last_7, avg_last_21, max_last_21, min_last_21, std_last_21, max_last_42, min_last_42, avg_last_42, relative_median, wa_adjusted_quantity_last_7, sinf_relative_median, sinf_adjusted_quantity_last_7, price_change_w1, price_change_w3, cum_mse",b1f73f2
42,LGBM optuna 7,0.7295850081507803,2020-06-23 07:12:00,"{'feature_fraction': 0.4713352377977521, 'bagging_fraction': 0.4947600846422079, 'n_estimators': 1000, 'learning_rate': 0.14248181763168322, 'objective': 'tweedie', 'early_stopping_rounds': 100, 'lambda_l1': 0}",9000000,"wday, store_id, dept_id, state_id, snap_status, days_since_snap, avg_last_1, avg_last_3, avg_last_7, avg_last_21, max_last_21, min_last_21, std_last_21, max_last_42, min_last_42, avg_last_42, relative_median, wa_adjusted_quantity_last_7, sinf_relative_median, sinf_adjusted_quantity_last_7, price_change_w1, price_change_w3, cum_mse",b1f73f2
43,LGBM optuna 7,0.7295674689152809,2020-06-23 07:46:00,"{'feature_fraction': 0.3723801789670069, 'bagging_fraction': 0.5792726523860141, 'n_estimators': 9000, 'learning_rate': 0.1236728620924559, 'objective': 'tweedie', 'early_stopping_rounds': 100, 'lambda_l1': 0}",9000000,"wday, store_id, dept_id, state_id, snap_status, days_since_snap, avg_last_1, avg_last_3, avg_last_7, avg_last_21, max_last_21, min_last_21, std_last_21, max_last_42, min_last_42, avg_last_42, relative_median, wa_adjusted_quantity_last_7, sinf_relative_median, sinf_adjusted_quantity_last_7, price_change_w1, price_change_w3, cum_mse",b1f73f2
44,LGBM optuna 7,0.7294946323795987,2020-06-23 08:39:00,"{'feature_fraction': 0.45892331444090345, 'bagging_fraction': 0.6091753005915617, 'n_estimators': 6000, 'learning_rate': 0.14804154461206123, 'objective': 'tweedie', 'early_stopping_rounds': 100, 'lambda_l1': 1}",9000000,"wday, store_id, dept_id, state_id, snap_status, days_since_snap, avg_last_1, avg_last_3, avg_last_7, avg_last_21, max_last_21, min_last_21, std_last_21, max_last_42, min_last_42, avg_last_42, relative_median, wa_adjusted_quantity_last_7, sinf_relative_median, sinf_adjusted_quantity_last_7, price_change_w1, price_change_w3, cum_mse",b1f73f2
45,LGBM optuna 7,0.7294315980602352,2020-06-23 08:22:00,"{'feature_fraction': 0.3650071385786484, 'bagging_fraction': 0.44105418435088806, 'n_estimators': 9000, 'learning_rate': 0.1309550601226678, 'objective': 'tweedie', 'early_stopping_rounds': 100, 'lambda_l1': 1}",9000000,"wday, store_id, dept_id, state_id, snap_status, days_since_snap, avg_last_1, avg_last_3, avg_last_7, avg_last_21, max_last_21, min_last_21, std_last_21, max_last_42, min_last_42, avg_last_42, relative_median, wa_adjusted_quantity_last_7, sinf_relative_median, sinf_adjusted_quantity_last_7, price_change_w1, price_change_w3, cum_mse",b1f73f2
46,LGBM optuna 3,0.7294204909670856,2020-06-23 03:15:00,"{'feature_fraction': 0.6739705132463091, 'bagging_fraction': 0.6834328801151645, 'n_estimators': 3500, 'learning_rate': 0.11889716354396547, 'objective': 'tweedie', 'early_stopping_rounds': 100, 'lambda_l1': 1, 'min_child_samples': 92, 'train_size': 9000000}",9000000,"wday, store_id, dept_id, state_id, snap_status, days_since_snap, avg_last_1, avg_last_3, avg_last_7, avg_last_21, max_last_21, min_last_21, std_last_21, max_last_42, min_last_42, avg_last_42, relative_median, wa_adjusted_quantity_last_7, sinf_relative_median, sinf_adjusted_quantity_last_7, price_change_w1, price_change_w3, cum_mse",b1f73f2
47,LGBM optuna 7,0.729408541982335,2020-06-23 04:10:00,"{'feature_fraction': 0.3790297731986616, 'bagging_fraction': 0.6436457397096569, 'n_estimators': 6000, 'learning_rate': 0.08629879159202317, 'objective': 'poisson', 'early_stopping_rounds': 100, 'lambda_l1': 1}",9000000,"wday, store_id, dept_id, state_id, snap_status, days_since_snap, avg_last_1, avg_last_3, avg_last_7, avg_last_21, max_last_21, min_last_21, std_last_21, max_last_42, min_last_42, avg_last_42, relative_median, wa_adjusted_quantity_last_7, sinf_relative_median, sinf_adjusted_quantity_last_7, price_change_w1, price_change_w3, cum_mse",b1f73f2
48,LGBM optuna 3,0.7293920479018932,2020-06-23 03:22:00,"{'feature_fraction': 0.5458383634523336, 'bagging_fraction': 0.5795711080511493, 'n_estimators': 3500, 'learning_rate': 0.03358630433038043, 'objective': 'tweedie', 'early_stopping_rounds': 100, 'lambda_l1': 1, 'min_child_samples': 41, 'train_size': 9000000}",9000000,"wday, store_id, dept_id, state_id, snap_status, days_since_snap, avg_last_1, avg_last_3, avg_last_7, avg_last_21, max_last_21, min_last_21, std_last_21, max_last_42, min_last_42, avg_last_42, relative_median, wa_adjusted_quantity_last_7, sinf_relative_median, sinf_adjusted_quantity_last_7, price_change_w1, price_change_w3, cum_mse",b1f73f2
49,LGBM optuna 7,0.7293691987036837,2020-06-23 04:14:00,"{'feature_fraction': 0.7867583079617017, 'bagging_fraction': 0.4027384759645762, 'n_estimators': 6000, 'learning_rate': 0.257052611380535, 'objective': 'poisson', 'early_stopping_rounds': 100, 'lambda_l1': 1}",9000000,"wday, store_id, dept_id, state_id, snap_status, days_since_snap, avg_last_1, avg_last_3, avg_last_7, avg_last_21, max_last_21, min_last_21, std_last_21, max_last_42, min_last_42, avg_last_42, relative_median, wa_adjusted_quantity_last_7, sinf_relative_median, sinf_adjusted_quantity_last_7, price_change_w1, price_change_w3, cum_mse",b1f73f2
50,LGBM optuna 3,0.7293256074000843,2020-06-23 02:08:00,"{'feature_fraction': 0.6647380963833871, 'bagging_fraction': 0.6236963410197256, 'n_estimators': 3500, 'learning_rate': 0.016301341013666416, 'objective': 'poisson', 'early_stopping_rounds': 100, 'lambda_l1': 0, 'min_child_samples': 19, 'train_size': 9000000}",9000000,"wday, store_id, dept_id, state_id, snap_status, days_since_snap, avg_last_1, avg_last_3, avg_last_7, avg_last_21, max_last_21, min_last_21, std_last_21, max_last_42, min_last_42, avg_last_42, relative_median, wa_adjusted_quantity_last_7, sinf_relative_median, sinf_adjusted_quantity_last_7, price_change_w1, price_change_w3, cum_mse",b1f73f2
51,LGBM optuna 7,0.7291641880034813,2020-06-23 06:46:00,"{'feature_fraction': 0.45331021637989677, 'bagging_fraction': 0.4950989787864064, 'n_estimators': 1000, 'learning_rate': 0.1934345710561881, 'objective': 'poisson', 'early_stopping_rounds': 100, 'lambda_l1': 0}",9000000,"wday, store_id, dept_id, state_id, snap_status, days_since_snap, avg_last_1, avg_last_3, avg_last_7, avg_last_21, max_last_21, min_last_21, std_last_21, max_last_42, min_last_42, avg_last_42, relative_median, wa_adjusted_quantity_last_7, sinf_relative_median, sinf_adjusted_quantity_last_7, price_change_w1, price_change_w3, cum_mse",b1f73f2
52,LGBM optuna 7,0.7291563904450344,2020-06-23 05:39:00,"{'feature_fraction': 0.5163528899163669, 'bagging_fraction': 0.5134928113496268, 'n_estimators': 9000, 'learning_rate': 0.21893046242674236, 'objective': 'tweedie', 'early_stopping_rounds': 100, 'lambda_l1': 0}",9000000,"wday, store_id, dept_id, state_id, snap_status, days_since_snap, avg_last_1, avg_last_3, avg_last_7, avg_last_21, max_last_21, min_last_21, std_last_21, max_last_42, min_last_42, avg_last_42, relative_median, wa_adjusted_quantity_last_7, sinf_relative_median, sinf_adjusted_quantity_last_7, price_change_w1, price_change_w3, cum_mse",b1f73f2
53,LGBM optuna 7,0.729109853742097,2020-06-23 07:42:00,"{'feature_fraction': 0.37023895084108466, 'bagging_fraction': 0.5907167406429127, 'n_estimators': 9000, 'learning_rate': 0.13024765581805162, 'objective': 'tweedie', 'early_stopping_rounds': 100, 'lambda_l1': 0}",9000000,"wday, store_id, dept_id, state_id, snap_status, days_since_snap, avg_last_1, avg_last_3, avg_last_7, avg_last_21, max_last_21, min_last_21, std_last_21, max_last_42, min_last_42, avg_last_42, relative_median, wa_adjusted_quantity_last_7, sinf_relative_median, sinf_adjusted_quantity_last_7, price_change_w1, price_change_w3, cum_mse",b1f73f2
54,LGBM optuna 3,0.7289541984957916,2020-06-23 02:33:00,"{'feature_fraction': 0.5610998786042094, 'bagging_fraction': 0.6938724193225797, 'n_estimators': 3500, 'learning_rate': 0.06671661244401486, 'objective': 'tweedie', 'early_stopping_rounds': 100, 'lambda_l1': 1, 'min_child_samples': 5, 'train_size': 9000000}",9000000,"wday, store_id, dept_id, state_id, snap_status, days_since_snap, avg_last_1, avg_last_3, avg_last_7, avg_last_21, max_last_21, min_last_21, std_last_21, max_last_42, min_last_42, avg_last_42, relative_median, wa_adjusted_quantity_last_7, sinf_relative_median, sinf_adjusted_quantity_last_7, price_change_w1, price_change_w3, cum_mse",b1f73f2
55,LGBM optuna 7,0.7289307800902737,2020-06-23 08:47:00,"{'feature_fraction': 0.35617204906147554, 'bagging_fraction': 0.5684119545247435, 'n_estimators': 9000, 'learning_rate': 0.13862333101225965, 'objective': 'tweedie', 'early_stopping_rounds': 100, 'lambda_l1': 0}",9000000,"wday, store_id, dept_id, state_id, snap_status, days_since_snap, avg_last_1, avg_last_3, avg_last_7, avg_last_21, max_last_21, min_last_21, std_last_21, max_last_42, min_last_42, avg_last_42, relative_median, wa_adjusted_quantity_last_7, sinf_relative_median, sinf_adjusted_quantity_last_7, price_change_w1, price_change_w3, cum_mse",b1f73f2
56,LGBM optuna 7,0.728912027109409,2020-06-23 07:15:00,"{'feature_fraction': 0.5463142101915146, 'bagging_fraction': 0.44910379609228246, 'n_estimators': 1000, 'learning_rate': 0.12162361186216858, 'objective': 'tweedie', 'early_stopping_rounds': 100, 'lambda_l1': 0}",9000000,"wday, store_id, dept_id, state_id, snap_status, days_since_snap, avg_last_1, avg_last_3, avg_last_7, avg_last_21, max_last_21, min_last_21, std_last_21, max_last_42, min_last_42, avg_last_42, relative_median, wa_adjusted_quantity_last_7, sinf_relative_median, sinf_adjusted_quantity_last_7, price_change_w1, price_change_w3, cum_mse",b1f73f2
57,LGBM optuna 7,0.7289087059365735,2020-06-23 07:59:00,"{'feature_fraction': 0.5011118448351126, 'bagging_fraction': 0.5371949288075663, 'n_estimators': 3000, 'learning_rate': 0.12419383869136189, 'objective': 'tweedie', 'early_stopping_rounds': 100, 'lambda_l1': 0}",9000000,"wday, store_id, dept_id, state_id, snap_status, days_since_snap, avg_last_1, avg_last_3, avg_last_7, avg_last_21, max_last_21, min_last_21, std_last_21, max_last_42, min_last_42, avg_last_42, relative_median, wa_adjusted_quantity_last_7, sinf_relative_median, sinf_adjusted_quantity_last_7, price_change_w1, price_change_w3, cum_mse",b1f73f2
58,LGBM optuna 7,0.7288689553662691,2020-06-23 08:16:00,"{'feature_fraction': 0.3106119284024922, 'bagging_fraction': 0.47115694049686535, 'n_estimators': 1000, 'learning_rate': 0.11203620843695423, 'objective': 'tweedie', 'early_stopping_rounds': 100, 'lambda_l1': 1}",9000000,"wday, store_id, dept_id, state_id, snap_status, days_since_snap, avg_last_1, avg_last_3, avg_last_7, avg_last_21, max_last_21, min_last_21, std_last_21, max_last_42, min_last_42, avg_last_42, relative_median, wa_adjusted_quantity_last_7, sinf_relative_median, sinf_adjusted_quantity_last_7, price_change_w1, price_change_w3, cum_mse",b1f73f2
59,LGBM optuna 7,0.7288653418834565,2020-06-23 05:17:00,"{'feature_fraction': 0.4894859306066414, 'bagging_fraction': 0.585309255483724, 'n_estimators': 9000, 'learning_rate': 0.1284166261597658, 'objective': 'tweedie', 'early_stopping_rounds': 100, 'lambda_l1': 1}",9000000,"wday, store_id, dept_id, state_id, snap_status, days_since_snap, avg_last_1, avg_last_3, avg_last_7, avg_last_21, max_last_21, min_last_21, std_last_21, max_last_42, min_last_42, avg_last_42, relative_median, wa_adjusted_quantity_last_7, sinf_relative_median, sinf_adjusted_quantity_last_7, price_change_w1, price_change_w3, cum_mse",b1f73f2
60,LGBM optuna 7,0.7288171450133516,2020-06-23 04:52:00,"{'feature_fraction': 0.30110393468566127, 'bagging_fraction': 0.5297126921884898, 'n_estimators': 1000, 'learning_rate': 0.19498309926797502, 'objective': 'tweedie', 'early_stopping_rounds': 100, 'lambda_l1': 0}",9000000,"wday, store_id, dept_id, state_id, snap_status, days_since_snap, avg_last_1, avg_last_3, avg_last_7, avg_last_21, max_last_21, min_last_21, std_last_21, max_last_42, min_last_42, avg_last_42, relative_median, wa_adjusted_quantity_last_7, sinf_relative_median, sinf_adjusted_quantity_last_7, price_change_w1, price_change_w3, cum_mse",b1f73f2
61,LGBM optuna 7,0.7287091224306571,2020-06-23 07:06:00,"{'feature_fraction': 0.3965317588123237, 'bagging_fraction': 0.5384711089131184, 'n_estimators': 3000, 'learning_rate': 0.16653698589011534, 'objective': 'tweedie', 'early_stopping_rounds': 100, 'lambda_l1': 0}",9000000,"wday, store_id, dept_id, state_id, snap_status, days_since_snap, avg_last_1, avg_last_3, avg_last_7, avg_last_21, max_last_21, min_last_21, std_last_21, max_last_42, min_last_42, avg_last_42, relative_median, wa_adjusted_quantity_last_7, sinf_relative_median, sinf_adjusted_quantity_last_7, price_change_w1, price_change_w3, cum_mse",b1f73f2
62,LGBM optuna 7,0.7286877966919959,2020-06-23 05:45:00,"{'feature_fraction': 0.41606850729457306, 'bagging_fraction': 0.5726686245470908, 'n_estimators': 9000, 'learning_rate': 0.15617996624435299, 'objective': 'tweedie', 'early_stopping_rounds': 100, 'lambda_l1': 1}",9000000,"wday, store_id, dept_id, state_id, snap_status, days_since_snap, avg_last_1, avg_last_3, avg_last_7, avg_last_21, max_last_21, min_last_21, std_last_21, max_last_42, min_last_42, avg_last_42, relative_median, wa_adjusted_quantity_last_7, sinf_relative_median, sinf_adjusted_quantity_last_7, price_change_w1, price_change_w3, cum_mse",b1f73f2
63,LGBM optuna 7,0.7286709613517418,2020-06-23 03:54:00,"{'feature_fraction': 0.6950579501943261, 'bagging_fraction': 0.47797440602501073, 'n_estimators': 6000, 'learning_rate': 0.17898398129143778, 'objective': 'tweedie', 'early_stopping_rounds': 100, 'lambda_l1': 0}",9000000,"wday, store_id, dept_id, state_id, snap_status, days_since_snap, avg_last_1, avg_last_3, avg_last_7, avg_last_21, max_last_21, min_last_21, std_last_21, max_last_42, min_last_42, avg_last_42, relative_median, wa_adjusted_quantity_last_7, sinf_relative_median, sinf_adjusted_quantity_last_7, price_change_w1, price_change_w3, cum_mse",b1f73f2
64,LGBM optuna 7,0.7286232677852418,2020-06-23 05:24:00,"{'feature_fraction': 0.3524868613596716, 'bagging_fraction': 0.5290192778521312, 'n_estimators': 9000, 'learning_rate': 0.1499596438522144, 'objective': 'tweedie', 'early_stopping_rounds': 100, 'lambda_l1': 1}",9000000,"wday, store_id, dept_id, state_id, snap_status, days_since_snap, avg_last_1, avg_last_3, avg_last_7, avg_last_21, max_last_21, min_last_21, std_last_21, max_last_42, min_last_42, avg_last_42, relative_median, wa_adjusted_quantity_last_7, sinf_relative_median, sinf_adjusted_quantity_last_7, price_change_w1, price_change_w3, cum_mse",b1f73f2
65,LGBM optuna 7,0.7285517029521965,2020-06-23 04:32:00,"{'feature_fraction': 0.4517513654232917, 'bagging_fraction': 0.49495760145104584, 'n_estimators': 9000, 'learning_rate': 0.258284469092167, 'objective': 'poisson', 'early_stopping_rounds': 100, 'lambda_l1': 1}",9000000,"wday, store_id, dept_id, state_id, snap_status, days_since_snap, avg_last_1, avg_last_3, avg_last_7, avg_last_21, max_last_21, min_last_21, std_last_21, max_last_42, min_last_42, avg_last_42, relative_median, wa_adjusted_quantity_last_7, sinf_relative_median, sinf_adjusted_quantity_last_7, price_change_w1, price_change_w3, cum_mse",b1f73f2
66,LGBM optuna 7,0.7284905728526714,2020-06-23 07:32:00,"{'feature_fraction': 0.7716006175242199, 'bagging_fraction': 0.49764118284002923, 'n_estimators': 6000, 'learning_rate': 0.11715101860374844, 'objective': 'tweedie', 'early_stopping_rounds': 100, 'lambda_l1': 0}",9000000,"wday, store_id, dept_id, state_id, snap_status, days_since_snap, avg_last_1, avg_last_3, avg_last_7, avg_last_21, max_last_21, min_last_21, std_last_21, max_last_42, min_last_42, avg_last_42, relative_median, wa_adjusted_quantity_last_7, sinf_relative_median, sinf_adjusted_quantity_last_7, price_change_w1, price_change_w3, cum_mse",b1f73f2
67,LGBM optuna 7,0.7283445357382411,2020-06-23 04:29:00,"{'feature_fraction': 0.5515685395527177, 'bagging_fraction': 0.4126870049309615, 'n_estimators': 6000, 'learning_rate': 0.29261593386551404, 'objective': 'tweedie', 'early_stopping_rounds': 100, 'lambda_l1': 0}",9000000,"wday, store_id, dept_id, state_id, snap_status, days_since_snap, avg_last_1, avg_last_3, avg_last_7, avg_last_21, max_last_21, min_last_21, std_last_21, max_last_42, min_last_42, avg_last_42, relative_median, wa_adjusted_quantity_last_7, sinf_relative_median, sinf_adjusted_quantity_last_7, price_change_w1, price_change_w3, cum_mse",b1f73f2
68,LGBM optuna 7,0.7283038441058021,2020-06-23 07:22:00,"{'feature_fraction': 0.4299241452279727, 'bagging_fraction': 0.5081962712188483, 'n_estimators': 1000, 'learning_rate': 0.13314942993899231, 'objective': 'tweedie', 'early_stopping_rounds': 100, 'lambda_l1': 0}",9000000,"wday, store_id, dept_id, state_id, snap_status, days_since_snap, avg_last_1, avg_last_3, avg_last_7, avg_last_21, max_last_21, min_last_21, std_last_21, max_last_42, min_last_42, avg_last_42, relative_median, wa_adjusted_quantity_last_7, sinf_relative_median, sinf_adjusted_quantity_last_7, price_change_w1, price_change_w3, cum_mse",b1f73f2
69,LGBM optuna 7,0.7282154783184025,2020-06-23 05:57:00,"{'feature_fraction': 0.3209444277736572, 'bagging_fraction': 0.5302197410913203, 'n_estimators': 9000, 'learning_rate': 0.062381067408573423, 'objective': 'tweedie', 'early_stopping_rounds': 100, 'lambda_l1': 0}",9000000,"wday, store_id, dept_id, state_id, snap_status, days_since_snap, avg_last_1, avg_last_3, avg_last_7, avg_last_21, max_last_21, min_last_21, std_last_21, max_last_42, min_last_42, avg_last_42, relative_median, wa_adjusted_quantity_last_7, sinf_relative_median, sinf_adjusted_quantity_last_7, price_change_w1, price_change_w3, cum_mse",b1f73f2
70,LGBM optuna 7,0.7281625672782095,2020-06-23 04:03:00,"{'feature_fraction': 0.3203362986530398, 'bagging_fraction': 0.4580051904299917, 'n_estimators': 3000, 'learning_rate': 0.06813821152949384, 'objective': 'poisson', 'early_stopping_rounds': 100, 'lambda_l1': 0}",9000000,"wday, store_id, dept_id, state_id, snap_status, days_since_snap, avg_last_1, avg_last_3, avg_last_7, avg_last_21, max_last_21, min_last_21, std_last_21, max_last_42, min_last_42, avg_last_42, relative_median, wa_adjusted_quantity_last_7, sinf_relative_median, sinf_adjusted_quantity_last_7, price_change_w1, price_change_w3, cum_mse",b1f73f2
71,LGBM optuna 7,0.7281212617943784,2020-06-23 03:51:00,"{'feature_fraction': 0.521061971992965, 'bagging_fraction': 0.5679002154696661, 'n_estimators': 1000, 'learning_rate': 0.0749621565902218, 'objective': 'poisson', 'early_stopping_rounds': 100, 'lambda_l1': 0}",9000000,"wday, store_id, dept_id, state_id, snap_status, days_since_snap, avg_last_1, avg_last_3, avg_last_7, avg_last_21, max_last_21, min_last_21, std_last_21, max_last_42, min_last_42, avg_last_42, relative_median, wa_adjusted_quantity_last_7, sinf_relative_median, sinf_adjusted_quantity_last_7, price_change_w1, price_change_w3, cum_mse",b1f73f2
72,LGBM optuna 7,0.7279937995068472,2020-06-23 08:36:00,"{'feature_fraction': 0.4107313486560803, 'bagging_fraction': 0.6346223278015247, 'n_estimators': 9000, 'learning_rate': 0.08855652338110517, 'objective': 'tweedie', 'early_stopping_rounds': 100, 'lambda_l1': 0}",9000000,"wday, store_id, dept_id, state_id, snap_status, days_since_snap, avg_last_1, avg_last_3, avg_last_7, avg_last_21, max_last_21, min_last_21, std_last_21, max_last_42, min_last_42, avg_last_42, relative_median, wa_adjusted_quantity_last_7, sinf_relative_median, sinf_adjusted_quantity_last_7, price_change_w1, price_change_w3, cum_mse",b1f73f2
73,LGBM optuna 7,0.7279627393337313,2020-06-23 08:19:00,"{'feature_fraction': 0.4779902271517466, 'bagging_fraction': 0.48821959640944124, 'n_estimators': 9000, 'learning_rate': 0.1467141750785202, 'objective': 'tweedie', 'early_stopping_rounds': 100, 'lambda_l1': 1}",9000000,"wday, store_id, dept_id, state_id, snap_status, days_since_snap, avg_last_1, avg_last_3, avg_last_7, avg_last_21, max_last_21, min_last_21, std_last_21, max_last_42, min_last_42, avg_last_42, relative_median, wa_adjusted_quantity_last_7, sinf_relative_median, sinf_adjusted_quantity_last_7, price_change_w1, price_change_w3, cum_mse",b1f73f2
74,LGBM optuna 7,0.7279554148032973,2020-06-23 08:32:00,"{'feature_fraction': 0.3847729249237695, 'bagging_fraction': 0.45935456299288113, 'n_estimators': 9000, 'learning_rate': 0.11436172681763479, 'objective': 'tweedie', 'early_stopping_rounds': 100, 'lambda_l1': 1}",9000000,"wday, store_id, dept_id, state_id, snap_status, days_since_snap, avg_last_1, avg_last_3, avg_last_7, avg_last_21, max_last_21, min_last_21, std_last_21, max_last_42, min_last_42, avg_last_42, relative_median, wa_adjusted_quantity_last_7, sinf_relative_median, sinf_adjusted_quantity_last_7, price_change_w1, price_change_w3, cum_mse",b1f73f2
75,LGBM optuna 7,0.7279502761128402,2020-06-23 04:49:00,"{'feature_fraction': 0.533908093776086, 'bagging_fraction': 0.6092525585158742, 'n_estimators': 1000, 'learning_rate': 0.11584201774020267, 'objective': 'tweedie', 'early_stopping_rounds': 100, 'lambda_l1': 0}",9000000,"wday, store_id, dept_id, state_id, snap_status, days_since_snap, avg_last_1, avg_last_3, avg_last_7, avg_last_21, max_last_21, min_last_21, std_last_21, max_last_42, min_last_42, avg_last_42, relative_median, wa_adjusted_quantity_last_7, sinf_relative_median, sinf_adjusted_quantity_last_7, price_change_w1, price_change_w3, cum_mse",b1f73f2
76,LGBM optuna 7,0.7278768172413789,2020-06-23 09:00:00,"{'feature_fraction': 0.38096216390633514, 'bagging_fraction': 0.44896683736225385, 'n_estimators': 9000, 'learning_rate': 0.12489268295980921, 'objective': 'tweedie', 'early_stopping_rounds': 100, 'lambda_l1': 1}",9000000,"wday, store_id, dept_id, state_id, snap_status, days_since_snap, avg_last_1, avg_last_3, avg_last_7, avg_last_21, max_last_21, min_last_21, std_last_21, max_last_42, min_last_42, avg_last_42, relative_median, wa_adjusted_quantity_last_7, sinf_relative_median, sinf_adjusted_quantity_last_7, price_change_w1, price_change_w3, cum_mse",b1f73f2
77,LGBM optuna 7,0.7278502530079229,2020-06-23 06:34:00,"{'feature_fraction': 0.40867810123201925, 'bagging_fraction': 0.4834636322086215, 'n_estimators': 1000, 'learning_rate': 0.17245570752331757, 'objective': 'poisson', 'early_stopping_rounds': 100, 'lambda_l1': 0}",9000000,"wday, store_id, dept_id, state_id, snap_status, days_since_snap, avg_last_1, avg_last_3, avg_last_7, avg_last_21, max_last_21, min_last_21, std_last_21, max_last_42, min_last_42, avg_last_42, relative_median, wa_adjusted_quantity_last_7, sinf_relative_median, sinf_adjusted_quantity_last_7, price_change_w1, price_change_w3, cum_mse",b1f73f2
78,LGBM optuna 7,0.7278343247342735,2020-06-23 06:04:00,"{'feature_fraction': 0.447983343719888, 'bagging_fraction': 0.6186253980414747, 'n_estimators': 3000, 'learning_rate': 0.09477705140477957, 'objective': 'tweedie', 'early_stopping_rounds': 100, 'lambda_l1': 0}",9000000,"wday, store_id, dept_id, state_id, snap_status, days_since_snap, avg_last_1, avg_last_3, avg_last_7, avg_last_21, max_last_21, min_last_21, std_last_21, max_last_42, min_last_42, avg_last_42, relative_median, wa_adjusted_quantity_last_7, sinf_relative_median, sinf_adjusted_quantity_last_7, price_change_w1, price_change_w3, cum_mse",b1f73f2
79,LGBM optuna 7,0.7277946339801601,2020-06-23 04:42:00,"{'feature_fraction': 0.44922897239557913, 'bagging_fraction': 0.5871510955045136, 'n_estimators': 1000, 'learning_rate': 0.1541541373508643, 'objective': 'tweedie', 'early_stopping_rounds': 100, 'lambda_l1': 0}",9000000,"wday, store_id, dept_id, state_id, snap_status, days_since_snap, avg_last_1, avg_last_3, avg_last_7, avg_last_21, max_last_21, min_last_21, std_last_21, max_last_42, min_last_42, avg_last_42, relative_median, wa_adjusted_quantity_last_7, sinf_relative_median, sinf_adjusted_quantity_last_7, price_change_w1, price_change_w3, cum_mse",b1f73f2
80,LGBM optuna 7,0.7277719959694319,2020-06-23 06:51:00,"{'feature_fraction': 0.5343298742035593, 'bagging_fraction': 0.4333339125195716, 'n_estimators': 6000, 'learning_rate': 0.11796990082427027, 'objective': 'poisson', 'early_stopping_rounds': 100, 'lambda_l1': 0}",9000000,"wday, store_id, dept_id, state_id, snap_status, days_since_snap, avg_last_1, avg_last_3, avg_last_7, avg_last_21, max_last_21, min_last_21, std_last_21, max_last_42, min_last_42, avg_last_42, relative_median, wa_adjusted_quantity_last_7, sinf_relative_median, sinf_adjusted_quantity_last_7, price_change_w1, price_change_w3, cum_mse",b1f73f2
81,LGBM optuna 7,0.727722795436857,2020-06-23 08:43:00,"{'feature_fraction': 0.492837119287697, 'bagging_fraction': 0.5010081349062433, 'n_estimators': 1000, 'learning_rate': 0.17137694024997444, 'objective': 'poisson', 'early_stopping_rounds': 100, 'lambda_l1': 0}",9000000,"wday, store_id, dept_id, state_id, snap_status, days_since_snap, avg_last_1, avg_last_3, avg_last_7, avg_last_21, max_last_21, min_last_21, std_last_21, max_last_42, min_last_42, avg_last_42, relative_median, wa_adjusted_quantity_last_7, sinf_relative_median, sinf_adjusted_quantity_last_7, price_change_w1, price_change_w3, cum_mse",b1f73f2
82,LGBM optuna 3,0.727680001888221,2020-06-23 02:36:00,"{'feature_fraction': 0.6388141159453807, 'bagging_fraction': 0.6213689371992203, 'n_estimators': 3500, 'learning_rate': 0.06997736656133753, 'objective': 'tweedie', 'early_stopping_rounds': 100, 'lambda_l1': 1, 'min_child_samples': 54, 'train_size': 9000000}",9000000,"wday, store_id, dept_id, state_id, snap_status, days_since_snap, avg_last_1, avg_last_3, avg_last_7, avg_last_21, max_last_21, min_last_21, std_last_21, max_last_42, min_last_42, avg_last_42, relative_median, wa_adjusted_quantity_last_7, sinf_relative_median, sinf_adjusted_quantity_last_7, price_change_w1, price_change_w3, cum_mse",b1f73f2
83,LGBM optuna 7,0.7275354870088689,2020-06-23 06:08:00,"{'feature_fraction': 0.3884425838107082, 'bagging_fraction': 0.637850035109994, 'n_estimators': 6000, 'learning_rate': 0.07325433883370186, 'objective': 'tweedie', 'early_stopping_rounds': 100, 'lambda_l1': 0}",9000000,"wday, store_id, dept_id, state_id, snap_status, days_since_snap, avg_last_1, avg_last_3, avg_last_7, avg_last_21, max_last_21, min_last_21, std_last_21, max_last_42, min_last_42, avg_last_42, relative_median, wa_adjusted_quantity_last_7, sinf_relative_median, sinf_adjusted_quantity_last_7, price_change_w1, price_change_w3, cum_mse",b1f73f2
84,LGBM optuna 3,0.7275199847636148,2020-06-23 01:43:00,"{'feature_fraction': 0.6071514937356476, 'bagging_fraction': 0.5304853111589126, 'n_estimators': 3500, 'learning_rate': 0.15849719549548225, 'objective': 'poisson', 'early_stopping_rounds': 100, 'lambda_l1': 0, 'min_child_samples': 19, 'train_size': 9000000}",9000000,"wday, store_id, dept_id, state_id, snap_status, days_since_snap, avg_last_1, avg_last_3, avg_last_7, avg_last_21, max_last_21, min_last_21, std_last_21, max_last_42, min_last_42, avg_last_42, relative_median, wa_adjusted_quantity_last_7, sinf_relative_median, sinf_adjusted_quantity_last_7, price_change_w1, price_change_w3, cum_mse",b1f73f2
85,LGBM optuna 3,0.7274738064629466,2020-06-23 02:23:00,"{'feature_fraction': 0.5933845699234457, 'bagging_fraction': 0.4967168224699112, 'n_estimators': 3500, 'learning_rate': 0.12962108007844572, 'objective': 'tweedie', 'early_stopping_rounds': 100, 'lambda_l1': 0, 'min_child_samples': 71, 'train_size': 9000000}",9000000,"wday, store_id, dept_id, state_id, snap_status, days_since_snap, avg_last_1, avg_last_3, avg_last_7, avg_last_21, max_last_21, min_last_21, std_last_21, max_last_42, min_last_42, avg_last_42, relative_median, wa_adjusted_quantity_last_7, sinf_relative_median, sinf_adjusted_quantity_last_7, price_change_w1, price_change_w3, cum_mse",b1f73f2
86,LGBM optuna 7,0.7268299834687777,2020-06-23 06:55:00,"{'feature_fraction': 0.3648145015041164, 'bagging_fraction': 0.4696789612435781, 'n_estimators': 1000, 'learning_rate': 0.09901246241786492, 'objective': 'tweedie', 'early_stopping_rounds': 100, 'lambda_l1': 0}",9000000,"wday, store_id, dept_id, state_id, snap_status, days_since_snap, avg_last_1, avg_last_3, avg_last_7, avg_last_21, max_last_21, min_last_21, std_last_21, max_last_42, min_last_42, avg_last_42, relative_median, wa_adjusted_quantity_last_7, sinf_relative_median, sinf_adjusted_quantity_last_7, price_change_w1, price_change_w3, cum_mse",b1f73f2
87,LGBM optuna 7,0.7268190715183374,2020-06-23 09:06:00,"{'feature_fraction': 0.3964140055293046, 'bagging_fraction': 0.4766349600955422, 'n_estimators': 9000, 'learning_rate': 0.1440947395765385, 'objective': 'tweedie', 'early_stopping_rounds': 100, 'lambda_l1': 1}",9000000,"wday, store_id, dept_id, state_id, snap_status, days_since_snap, avg_last_1, avg_last_3, avg_last_7, avg_last_21, max_last_21, min_last_21, std_last_21, max_last_42, min_last_42, avg_last_42, relative_median, wa_adjusted_quantity_last_7, sinf_relative_median, sinf_adjusted_quantity_last_7, price_change_w1, price_change_w3, cum_mse",b1f73f2
88,LGBM optuna 7,0.726797457304708,2020-06-23 08:57:00,"{'feature_fraction': 0.3108371957872541, 'bagging_fraction': 0.43125728232080585, 'n_estimators': 9000, 'learning_rate': 0.1580172409207716, 'objective': 'tweedie', 'early_stopping_rounds': 100, 'lambda_l1': 1}",9000000,"wday, store_id, dept_id, state_id, snap_status, days_since_snap, avg_last_1, avg_last_3, avg_last_7, avg_last_21, max_last_21, min_last_21, std_last_21, max_last_42, min_last_42, avg_last_42, relative_median, wa_adjusted_quantity_last_7, sinf_relative_median, sinf_adjusted_quantity_last_7, price_change_w1, price_change_w3, cum_mse",b1f73f2
89,LGBM optuna 7,0.7267113784588568,2020-06-23 03:47:00,"{'feature_fraction': 0.3881495648951768, 'bagging_fraction': 0.623189317575275, 'n_estimators': 1000, 'learning_rate': 0.08305884524285091, 'objective': 'tweedie', 'early_stopping_rounds': 100, 'lambda_l1': 0}",9000000,"wday, store_id, dept_id, state_id, snap_status, days_since_snap, avg_last_1, avg_last_3, avg_last_7, avg_last_21, max_last_21, min_last_21, std_last_21, max_last_42, min_last_42, avg_last_42, relative_median, wa_adjusted_quantity_last_7, sinf_relative_median, sinf_adjusted_quantity_last_7, price_change_w1, price_change_w3, cum_mse",b1f73f2
90,LGBM optuna 7,0.7266924667774697,2020-06-23 05:13:00,"{'feature_fraction': 0.598291912177275, 'bagging_fraction': 0.5547340796269082, 'n_estimators': 9000, 'learning_rate': 0.22321238238700794, 'objective': 'tweedie', 'early_stopping_rounds': 100, 'lambda_l1': 1}",9000000,"wday, store_id, dept_id, state_id, snap_status, days_since_snap, avg_last_1, avg_last_3, avg_last_7, avg_last_21, max_last_21, min_last_21, std_last_21, max_last_42, min_last_42, avg_last_42, relative_median, wa_adjusted_quantity_last_7, sinf_relative_median, sinf_adjusted_quantity_last_7, price_change_w1, price_change_w3, cum_mse",b1f73f2
91,LGBM optuna 3,0.7266474402695104,2020-06-23 02:28:00,"{'feature_fraction': 0.6292546290728984, 'bagging_fraction': 0.4032812331939388, 'n_estimators': 3500, 'learning_rate': 0.061150207263228125, 'objective': 'tweedie', 'early_stopping_rounds': 100, 'lambda_l1': 1, 'min_child_samples': 53, 'train_size': 9000000}",9000000,"wday, store_id, dept_id, state_id, snap_status, days_since_snap, avg_last_1, avg_last_3, avg_last_7, avg_last_21, max_last_21, min_last_21, std_last_21, max_last_42, min_last_42, avg_last_42, relative_median, wa_adjusted_quantity_last_7, sinf_relative_median, sinf_adjusted_quantity_last_7, price_change_w1, price_change_w3, cum_mse",b1f73f2
92,LGBM optuna 7,0.7265081532320024,2020-06-23 08:07:00,"{'feature_fraction': 0.4178655197989023, 'bagging_fraction': 0.579610419303804, 'n_estimators': 1000, 'learning_rate': 0.1852243024808845, 'objective': 'tweedie', 'early_stopping_rounds': 100, 'lambda_l1': 0}",9000000,"wday, store_id, dept_id, state_id, snap_status, days_since_snap, avg_last_1, avg_last_3, avg_last_7, avg_last_21, max_last_21, min_last_21, std_last_21, max_last_42, min_last_42, avg_last_42, relative_median, wa_adjusted_quantity_last_7, sinf_relative_median, sinf_adjusted_quantity_last_7, price_change_w1, price_change_w3, cum_mse",b1f73f2
93,LGBM optuna 7,0.7263397129638413,2020-06-23 08:51:00,"{'feature_fraction': 0.5566389982993543, 'bagging_fraction': 0.4804139788099458, 'n_estimators': 1000, 'learning_rate': 0.07660399945013388, 'objective': 'tweedie', 'early_stopping_rounds': 100, 'lambda_l1': 0}",9000000,"wday, store_id, dept_id, state_id, snap_status, days_since_snap, avg_last_1, avg_last_3, avg_last_7, avg_last_21, max_last_21, min_last_21, std_last_21, max_last_42, min_last_42, avg_last_42, relative_median, wa_adjusted_quantity_last_7, sinf_relative_median, sinf_adjusted_quantity_last_7, price_change_w1, price_change_w3, cum_mse",b1f73f2
94,LGBM optuna 7,0.7262985234283582,2020-06-23 08:26:00,"{'feature_fraction': 0.3359911500328538, 'bagging_fraction': 0.4729638201550956, 'n_estimators': 9000, 'learning_rate': 0.1601862805247895, 'objective': 'tweedie', 'early_stopping_rounds': 100, 'lambda_l1': 1}",9000000,"wday, store_id, dept_id, state_id, snap_status, days_since_snap, avg_last_1, avg_last_3, avg_last_7, avg_last_21, max_last_21, min_last_21, std_last_21, max_last_42, min_last_42, avg_last_42, relative_median, wa_adjusted_quantity_last_7, sinf_relative_median, sinf_adjusted_quantity_last_7, price_change_w1, price_change_w3, cum_mse",b1f73f2
95,LGBM optuna 7,0.7261866551167044,2020-06-23 05:07:00,"{'feature_fraction': 0.37401085736492196, 'bagging_fraction': 0.5867245059864732, 'n_estimators': 9000, 'learning_rate': 0.12585063623922832, 'objective': 'tweedie', 'early_stopping_rounds': 100, 'lambda_l1': 0}",9000000,"wday, store_id, dept_id, state_id, snap_status, days_since_snap, avg_last_1, avg_last_3, avg_last_7, avg_last_21, max_last_21, min_last_21, std_last_21, max_last_42, min_last_42, avg_last_42, relative_median, wa_adjusted_quantity_last_7, sinf_relative_median, sinf_adjusted_quantity_last_7, price_change_w1, price_change_w3, cum_mse",b1f73f2
96,LGBM optuna 3,0.7261819988735111,2020-06-23 02:56:00,"{'feature_fraction': 0.6932183830452909, 'bagging_fraction': 0.58135349902315, 'n_estimators': 3500, 'learning_rate': 0.010096044590216138, 'objective': 'tweedie', 'early_stopping_rounds': 100, 'lambda_l1': 1, 'min_child_samples': 95, 'train_size': 9000000}",9000000,"wday, store_id, dept_id, state_id, snap_status, days_since_snap, avg_last_1, avg_last_3, avg_last_7, avg_last_21, max_last_21, min_last_21, std_last_21, max_last_42, min_last_42, avg_last_42, relative_median, wa_adjusted_quantity_last_7, sinf_relative_median, sinf_adjusted_quantity_last_7, price_change_w1, price_change_w3, cum_mse",b1f73f2
97,LGBM optuna 7,0.726110769886245,2020-06-23 07:03:00,"{'feature_fraction': 0.5032975626726766, 'bagging_fraction': 0.4979158000406986, 'n_estimators': 1000, 'learning_rate': 0.1396600571964129, 'objective': 'tweedie', 'early_stopping_rounds': 100, 'lambda_l1': 0}",9000000,"wday, store_id, dept_id, state_id, snap_status, days_since_snap, avg_last_1, avg_last_3, avg_last_7, avg_last_21, max_last_21, min_last_21, std_last_21, max_last_42, min_last_42, avg_last_42, relative_median, wa_adjusted_quantity_last_7, sinf_relative_median, sinf_adjusted_quantity_last_7, price_change_w1, price_change_w3, cum_mse",b1f73f2
98,LGBM optuna 3,0.7259603979594688,2020-06-23 01:55:00,"{'feature_fraction': 0.6327691347989707, 'bagging_fraction': 0.5917633536105682, 'n_estimators': 3500, 'learning_rate': 0.1095751405182299, 'objective': 'tweedie', 'early_stopping_rounds': 100, 'lambda_l1': 1, 'min_child_samples': 5, 'train_size': 9000000}",9000000,"wday, store_id, dept_id, state_id, snap_status, days_since_snap, avg_last_1, avg_last_3, avg_last_7, avg_last_21, max_last_21, min_last_21, std_last_21, max_last_42, min_last_42, avg_last_42, relative_median, wa_adjusted_quantity_last_7, sinf_relative_median, sinf_adjusted_quantity_last_7, price_change_w1, price_change_w3, cum_mse",b1f73f2
99,LGBM optuna 7,0.7258501388766184,2020-06-23 05:33:00,"{'feature_fraction': 0.4121965090234027, 'bagging_fraction': 0.5707536713538792, 'n_estimators': 9000, 'learning_rate': 0.16961237885742433, 'objective': 'tweedie', 'early_stopping_rounds': 100, 'lambda_l1': 0}",9000000,"wday, store_id, dept_id, state_id, snap_status, days_since_snap, avg_last_1, avg_last_3, avg_last_7, avg_last_21, max_last_21, min_last_21, std_last_21, max_last_42, min_last_42, avg_last_42, relative_median, wa_adjusted_quantity_last_7, sinf_relative_median, sinf_adjusted_quantity_last_7, price_change_w1, price_change_w3, cum_mse",b1f73f2
100,LGBM optuna 7,0.7256207635815319,2020-06-23 04:39:00,"{'feature_fraction': 0.44308848374856147, 'bagging_fraction': 0.5872778913794805, 'n_estimators': 1000, 'learning_rate': 0.14522073583881512, 'objective': 'tweedie', 'early_stopping_rounds': 100, 'lambda_l1': 0}",9000000,"wday, store_id, dept_id, state_id, snap_status, days_since_snap, avg_last_1, avg_last_3, avg_last_7, avg_last_21, max_last_21, min_last_21, std_last_21, max_last_42, min_last_42, avg_last_42, relative_median, wa_adjusted_quantity_last_7, sinf_relative_median, sinf_adjusted_quantity_last_7, price_change_w1, price_change_w3, cum_mse",b1f73f2
101,LGBM optuna 7,0.7254154914329907,2020-06-23 06:21:00,"{'feature_fraction': 0.4646631096889257, 'bagging_fraction': 0.4721087565654092, 'n_estimators': 1000, 'learning_rate': 0.14296623520479312, 'objective': 'poisson', 'early_stopping_rounds': 100, 'lambda_l1': 0}",9000000,"wday, store_id, dept_id, state_id, snap_status, days_since_snap, avg_last_1, avg_last_3, avg_last_7, avg_last_21, max_last_21, min_last_21, std_last_21, max_last_42, min_last_42, avg_last_42, relative_median, wa_adjusted_quantity_last_7, sinf_relative_median, sinf_adjusted_quantity_last_7, price_change_w1, price_change_w3, cum_mse",b1f73f2
102,LGBM optuna 7,0.7247793174920567,2020-06-23 08:12:00,"{'feature_fraction': 0.3065411302742, 'bagging_fraction': 0.47184938214337085, 'n_estimators': 9000, 'learning_rate': 0.11169145829700435, 'objective': 'tweedie', 'early_stopping_rounds': 100, 'lambda_l1': 1}",9000000,"wday, store_id, dept_id, state_id, snap_status, days_since_snap, avg_last_1, avg_last_3, avg_last_7, avg_last_21, max_last_21, min_last_21, std_last_21, max_last_42, min_last_42, avg_last_42, relative_median, wa_adjusted_quantity_last_7, sinf_relative_median, sinf_adjusted_quantity_last_7, price_change_w1, price_change_w3, cum_mse",b1f73f2
103,LGBM optuna 7,0.7245260526696009,2020-06-23 06:17:00,"{'feature_fraction': 0.3687112243375714, 'bagging_fraction': 0.4758079593116457, 'n_estimators': 1000, 'learning_rate': 0.11940895740504247, 'objective': 'tweedie', 'early_stopping_rounds': 100, 'lambda_l1': 0}",9000000,"wday, store_id, dept_id, state_id, snap_status, days_since_snap, avg_last_1, avg_last_3, avg_last_7, avg_last_21, max_last_21, min_last_21, std_last_21, max_last_42, min_last_42, avg_last_42, relative_median, wa_adjusted_quantity_last_7, sinf_relative_median, sinf_adjusted_quantity_last_7, price_change_w1, price_change_w3, cum_mse",b1f73f2
104,LGBM optuna 7,0.724464219336297,2020-06-23 05:11:00,"{'feature_fraction': 0.4827903694720314, 'bagging_fraction': 0.572260424947954, 'n_estimators': 9000, 'learning_rate': 0.12602389742331246, 'objective': 'tweedie', 'early_stopping_rounds': 100, 'lambda_l1': 1}",9000000,"wday, store_id, dept_id, state_id, snap_status, days_since_snap, avg_last_1, avg_last_3, avg_last_7, avg_last_21, max_last_21, min_last_21, std_last_21, max_last_42, min_last_42, avg_last_42, relative_median, wa_adjusted_quantity_last_7, sinf_relative_median, sinf_adjusted_quantity_last_7, price_change_w1, price_change_w3, cum_mse",b1f73f2
